1,Scalars and Vectors and Linear Combinations and Geometry of Euclidean and Abstract Vector Spaces
2,Vector Spaces and Subspaces and Basis and Dimension and Linear Independence and Span and Coordinate Systems
3,Linear Transformations and Matrix Representation and Kernel and Image and Rank and Nullity and Fundamental Theorems of Linear Maps
4,Matrix Algebra and Determinant and Trace and Inverse and Block Matrices and Gaussian Elimination and Row Echelon Form and Linear Systems
5,Inner Product Spaces and Norms and Orthogonality and Projections and Gram Schmidt and QR Factorization and Least Squares and Duality
6,Symmetric and Hermitian and Skew Symmetric and Orthogonal Matrices and Positive Definite and Semidefinite and Quadratic and Bilinear and Sesquilinear Forms and Inertia
7,Eigenvalues and Eigenvectors and Diagonalization and Spectral Theorem and Normal Operators and Jordan and Rational Canonical Forms and Cayley Hamilton and Characteristic and Minimal Polynomials
8,Singular Value Decomposition and Pseudoinverse and Polar and Schur and Hessenberg Decompositions and Matrix Functions and Exponential and Logarithm and Square Root and Functional Calculus
9,Matrix Norms and Condition Numbers and Stability and Sensitivity and Loewner Order and Positive Semidefinite Cones and Majorization and Unitarily Invariant Norms and Operator Monotonicity and Matrix Inequalities
10,Gershgorin Discs and Interlacing and Perron Frobenius Theory and Kronecker and Hadamard and Khatri Rao Products and Sylvester Equations and Matrix Calculus and Derivatives and Advanced Operator Theory and Spectral Geometry
